# Temperature (K), Thermal Conductivity (W.m^-1.K^-1)
293.15,14.279399999999999
323.15,14.729999999999999
373.15,15.481
423.15,16.232
473.15,16.983
523.15,17.733999999999998
573.15,18.485
623.15,19.236
673.15,19.987
723.15,20.738
773.15,21.488999999999997
823.15,22.240000000000002
873.15,22.991
923.15,23.741999999999997
973.15,24.493000000000002
1023.15,25.244
1073.15,25.994999999999997
1123.15,26.746
1173.15,27.497
1223.15,28.247999999999998
1273.15,28.999
